[
		{
			"price" : "$25.000",
			"link"	: {
				"html" : "app/view/items/1_e.html",
				"img"  : "img/items/1.jpg"
			},
			"address1" : "2151 Mulberry Avenue",
			"address2" : "63 Birch Street",
			"roomDetails"  : {
				"bathrooms" : 1,
				"bedrooms"	: 3,
				"Area"		: "1200 Sq.ft",
				"garage"	: 1
			}
		},
		{
			"price" : "$48.000",
			"link"	: {
				"html" : "app/view/items/2_e.html",
				"img"  : "img/items/2.jpg"
			},
			"address1" : "3N Linlcon Street",
			"address2" : "DC",
			"roomDetails"  : {
				"bathrooms" : 2,
				"bedrooms"	: 7,
				"Area"		: "1200 Sq.ft",
				"garage"	: 2
			}
		},
		{
			"price" : "$150.000",
			"link"	: {
				"html" : "app/view/items/8_e.html",
				"img"  : "img/items/8.jpg"
			},
			"address1" : "home3",
			"address2" : "DC",
			"roomDetails"  : {
				"bathrooms" : 2,
				"bedrooms"	: 7,
				"Area"		: "1200 Sq.ft",
				"garage"	: 2
			}
		},
		{
			"price" : "$200.000",
			"link"	: {
				"html" : "app/view/items/8_e.html",
				"img"  : "img/items/8.jpg"
			},
			"address1" : "home3",
			"address2" : "DC",
			"roomDetails"  : {
				"bathrooms" : 2,
				"bedrooms"	: 7,
				"Area"		: "1200 Sq.ft",
				"garage"	: 2
			}
		}
	]